{"timestamp": "2024-08-19T12:34:51.230284", "results": {"api:gpt-4o-mini": 0.69877028465271, "groq:llama3-8b-8192": 0.24843788146972656, "groq:gemma-7b-it": 0.7431340217590332, "groq:llama3-groq-70b-8192-tool-use-preview": 0.3134007453918457, "groq:llama-guard-3-8b": 0.2038288116455078, "groq:gemma2-9b-it": 0.4236629009246826, "groq:llama-3.1-8b-instant": 0.15819716453552246, "groq:mixtral-8x7b-32768": 0.3110158443450928, "groq:llama3-groq-8b-8192-tool-use-preview": 0.23101592063903809, "groq:llama-3.1-70b-versatile": 0.15311264991760254, "groq:llama3-70b-8192": 0.4227561950683594, "together:Qwen/Qwen2-72B-Instruct": 1.3325331211090088, "together:google/gemma-2-27b-it": 2.0634560585021973, "together:zero-one-ai/Yi-34B-Chat": 0.45961618423461914, "together:deepseek-ai/deepseek-llm-67b-chat": 1.3932209014892578}}